,id,name,population,gps_lat,gps_lng,section_id
0,1,Trois Bois Pin,,19.2659335,-71.9231942,1
1,2,Bois Couleuvre,,19.2771443,-71.9446144,2
2,3,Marinette,,19.2556864,-71.9409773,2
3,4,Nan Guerrier/ Trois Boipins,,19.2707354,-71.9153926,2
4,5,Trois Boipins,,19.2661575,-71.9233812,2
5,6,Saltadère,,19.1306551,-71.7365998,3
6,7,Lospine,,19.1336881,-71.7288733,4
7,8,Colladère-Californe,,19.2291515,-72.0472202,5
8,9,Saltadère,,19.1350761,-71.7325267,6
9,10,Lapatie,,19.1441293,-71.9524846,7
10,11,Route de Papaye,,19.1483478,-71.9984806,7
11,12,Saint Plaza,,19.146978,-71.9949433,7
12,13,Bassin Zim,,19.1863808,-71.9921834,8
13,14,Seramont,,19.2081925,-71.9995721,9
14,15,Aguaedionne,,19.1330537,-71.9031584,10
15,16,Coladère,,19.2447474,-72.0270377,10
16,17,Laby,,19.2000374,-72.0464054,10
17,18,Samana,,19.1532076,-71.9959305,10
18,19,Grand Latanier,,19.2824629,-72.0499644,11
19,20,Wannikètè,,19.1487062,-71.9936243,12
20,21,Papaye,,19.1503665,-71.9922182,13
21,22,Coladère,,19.2359631,-72.0194195,14
22,23,Papaye,,19.1645235,-71.9871033,15
23,24,Rue Chepa,,19.1406578,-72.0003327,16
24,25,Baunabite,,19.1141957,-72.030103,17
25,26,Carrefour Ledant,,19.1347125,-72.0226259,17
26,27,Des lattes prolongée,,19.1376199,-72.0199641,17
27,28,Pandiassou,,19.1326792,-72.0442156,17
28,29,Salmory,,19.1180404,-72.0417987,17
29,30,Jacob,,19.1836387,-71.9337367,18
30,31,Centre Marmont,,19.0594998,-71.9799591,19
31,32,Haibon,,19.055107,-71.9746848,19
32,33,Pablocal,,19.0799055,-71.855836,19
33,34,Sapatère,,19.0916864,-71.9962016,19
34,35,Ville de Hinche,,19.1451326,-72.0092226,20
35,36,2eme pont,,19.6811035,-72.3118869,21
36,37,Mathone,,19.678269,-72.3054103,22
37,38,Bas l'acul du Nord,,19.6814154,-72.3142105,23
38,39,Bas du Bourd,,19.3363682,-72.0229416,24
39,40,Lospinique,,19.3387374,-72.1069937,25
40,41,Mayaya,,19.3467273,-72.020093,26
41,42,Moreau ,,19.3349376,-72.0269671,27
42,43,Roucou,,19.6646426,-72.0906456,28
43,44,Dubout,,19.6698598,-72.0712143,29
44,45,Roucou,,19.6375177,-72.0719628,30
45,46,Charles pierre,,19.6766128,-72.0728304,31
46,47,Decle,,19.646157,-72.073428,32
47,48,Dubout en face du Campus Henri Christophe de Limonade,,19.659031,-72.06919,32
48,49,Roucou,,19.6485516,-72.0717172,33
49,50,"Route Nle # 6, wn face Campus UEH",,19.6595699,-72.069783,33
50,51,Rte nationale # 6,,19.6579221,-72.1400751,34
51,52,"#002, Rue Bellevue palais -Roi",,19.6668506,-72.1276268,35
52,53,Fosseur capois,,19.6839535,-72.1155718,36
53,54,Terre Blanche ,,19.3480756,-72.1261368,37
54,55,"#26 Rue St Fleur plongée, Pignon ",,19.3371185,-72.1181202,38
55,56,Langlaise,,19.7161928,-72.2836387,39
56,57,Nan Rat,,19.7153855,-72.2677926,40
57,58,Mombin Latay,,19.72045,-72.236122,41
58,59,"Bois caïman,villa pestalozzi",,19.7203573,-72.267424,42
59,60,Habitation duperier,,19.6796255,-72.2800601,43
60,61,Habitation duperier,,19.6751807,-72.2773731,44
61,62,Habitation kaga,,19.6746808,-72.2702325,45
62,63,Duperier,,19.6774228,-72.2722011,46
63,64,Ile Adam,,19.6516142,-72.2840253,47
64,65,"Rue Royam,10",,19.6748751,-72.2679018,48
65,66,Ile - Adam,,19.6513604,-72.2815016,49
66,67,Breda 2,,19.6848443,-72.268649,50
67,68,Haibation duperier,,19.6756438,-72.2726257,51
68,69,Breda 1,,19.6773042,-72.2677208,52
69,70,Galois,,19.6609179,-72.2695826,52
70,71,Galois,,19.6573423,-72.2724059,53
71,72,Habitation kado,,19.6672289,-72.2743322,54
72,73,"10, Breda II, deuxieme section, basse plaine",,19.6872993,-72.2628411,55
73,74,Chiron,,19.6402154,-72.2501974,56
74,75,Morne rouge,,19.7152269,-72.276966,57
75,76,Granpré,,19.6227601,-72.1870392,58
76,77,Mazère,,19.6906398,-72.18346,59
77,78,Carrefour La Mort,,19.7677777,-72.1944103,60
78,79,Granpré,,19.6225313,-72.1870199,61
79,80,Berard,,19.6349536,-72.1954135,62
80,81,Bonnay dugal/Route nle#3,,19.7048298,-72.1806321,63
81,82,Bonney dugal,,19.733243,-72.185519,63
82,83,Carrefour la mort,,19.6987577,-72.1807387,64
83,84,Madeline,,19.7222112,-72.1819676,64
84,85,Lazard,,19.69542,-72.1674042,65
85,86,La rue / Rte Nle #5,,19.7087437,-72.1810633,66
86,87,Garde-Hiram,,19.3836694,-72.0540436,67
87,88,Garde-Hiram ,,19.3847275,-72.0540187,67
88,89,Route Nationale #3,,19.4371516,-72.1955294,68
89,90,Lina,,19.4703364,-72.2051516,69
90,91,Cajou Rond,,19.4339962,-72.1914061,70
91,92,Basile,,19.4359345,-72.195436,71
92,93,Melène,,19.4376125,-72.2031055,71
93,94,Baja,,19.4816467,-71.7163637,72
94,95,Baja,,19.5056778,-71.7055114,73
95,96,Baja,,19.4924641,-71.7138119,74
96,97,"Bas fort, près du terrain de football",,19.4634248,-71.6919836,74
97,98,Centre ville,,19.4452312,-71.6920161,74
98,99,Brunette,,19.4570313,-71.6958581,75
99,100,Impasse Adrien,,19.4526906,-71.6922446,75
100,101,Bas Fort,,19.4525362,-71.6898655,76
101,102,Carrefour jésus,,19.6518114,-71.9964571,77
102,103,Capette,,19.6619885,-72.0251303,78
103,104,Dlo Carice,,19.386057,-71.8362534,79
104,105,Casimir,,19.6102655,-71.7834724,80
105,106,Blon (Gustave),,19.6212413,-71.7732361,81
106,107,Do Vapor,,19.62388,-71.7944732,81
107,108,Marie thérèse,,19.6163916,-71.7830284,81
108,109,Mérande,,19.6117052,-71.7656988,81
109,110,Terre Blanche,,19.61662,-71.7897601,81
110,111,Carrefour Chivry,,19.635333,-71.823938,82
111,112,Malfety,,19.635875,-71.951662,82
112,113,"85,Rue Sténio Vincent, Grande Rue",,19.665539,-71.838602,83
113,114,Route Nle Carrefour Chivry,,19.637483,-71.833102,83
114,115,Bosco,,19.55547,-71.868262,84
115,116,Nan Pi a,,19.597446,-71.835456,85
116,117,Piedor,,19.575483,-71.856889,85
117,118,Derac,,19.657877,-71.812752,86
118,119,Carrefour Chivry / Vye bouk,,19.628835,-71.832842,87
119,120,Calvaire,,19.4139412,-71.7808259,88
120,121,Bas bois pin Cao,,19.402738,-71.7768257,89
121,122,Colonie 2,,19.404111,-71.768848,89
122,123,"Centre ville, à coté del'Eglise catholique de Mont-Organisé",,19.4095833,-71.7804321,90
123,124,Nan plezi,,19.4041064,-71.7806457,90
124,125,Bas bois pin Cao,,19.4022166,-71.7765567,91
125,126,Route lafleur,,19.5457877,-71.8121842,92
126,127,Habitation boujo,,19.28286644,-71.435835288,93
127,128,Dilaire,,19.5635531,-71.7852209,94
128,129,Dilaire,,19.5486994,-71.7672215,95
129,130,Dilaire/route Acul des pins,,19.539438,-71.778206,95
130,131,Sance,,19.5323209,-71.7321107,95
131,132,Dilaire (Robino 1),,19.5536155,-71.7660034,96
132,133,Gaston dilaire,,19.5680381,-71.7797109,96
133,134,Dilaire,,19.5484219,-71.7667849,97
134,135,Duhaut,,19.5457912,-71.7536984,97
135,136,Duhaut,,19.5457805,-71.7455053,98
136,137,Avenue Capois numéro 88,,19.551131,-71.7187747,99
137,138,Robino,,19.5546985,-71.7682469,99
138,139,Mamoulé,,19.5505692,-71.7862547,100
139,140,Tilorye,,19.554203,-71.7424999,100
140,141,Bedou,,19.4984162,-71.7137594,101
141,142,Tchamba #124,,19.3137812,-71.554017612,102
142,143,Morne à Père,,19.630687,-71.958863,103
143,144,Man Bwapen,,19.664144,-71.980061,104
144,145,Savane Carré,,19.62681,-71.915105,104
145,146,Savane Carré,,19.629457,-71.909875,105
146,147,Bonnement,,19.63271,-71.935426,106
147,148,Devesien,,19.628718,-71.938931,107
148,149,Habitation Demier,,19.658397,-71.975729,108
149,150,Nazon,,19.617304,-71.960941,109
150,151,Lòtbò Pon,,19.635884,-71.950603,110
151,152,Fond Blanc,,19.635871,-71.950629,111
152,153,Rue du Quay,,19.612273,-72.026571,112
153,154,Habitation Bwapè,,19.623526,-72.016964,113
154,155,Moussignac,,19.604296,-72.019663,114
155,156,Devarènes,,19.638118,-72.042376,115
156,157,Pilette,,19.583332,-72.013813,116
157,158,"Pichon, En face Nirabelle Hôtel",,19.619346,-72.013015,117
158,159,Localité Maneska,,19.503315,-72.054902,118
159,160,Roche André,,19.4290801,-71.9118384,119
160,161,Centre Taverne,,18.1625601,-73.8894387,120
161,162,Guichard,,18.2940896,-73.8249662,121
162,163,Champlois,,18.3271444,-73.859428,122
163,164,Trou Levy,,18.3118968,-73.8617661,122
164,165,Levy,,18.3034241,-73.8601425,123
165,166,Saut Mathurine,,18.3632061,-73.8514772,124
166,167,Laroche au Pont,,18.3568615,-73.8387601,125
167,168,Raymond,,18.3490717,-73.86652,125
168,169,Picot,,18.3496308,-73.8558376,126
169,170,"Wo kan, champoi, camp-perrin",,18.3280636,-73.8553278,127
170,171,Chantille,,18.2932394,-73.8541257,128
171,172,Dòl,,18.2544161,-73.9323337,129
172,173,Mulet,,18.1873825,-74.0062845,130
173,174,Boudet,,18.2094437,-73.7608821,131
174,175,Boujouly,,18.2605246,-73.7701151,131
175,176,Lagodré,,18.1855862,-73.7874991,131
176,177,Simond,,18.2337869,-73.7766023,132
177,178,Pelmel,,18.2725116,-73.8180514,133
178,179,Pesmel,,18.2611358,-73.8127154,134
179,180,Codet,,18.292325,-73.81711,135
180,181,Laborde,,18.2754356,-73.7956911,135
181,182,Taïvant (Laborde),,18.2893462,-73.7906663,136
182,183,Taïvan 1,,18.2827073,-73.7895576,137
183,184,Centre laborde,,18.281504,-73.8047515,138
184,185,Mercy,,18.2869981,-73.7700882,139
185,186,Miserne,,18.2786665,-73.7540216,140
186,187,"22, boudette",,18.2244875,-73.7692653,141
187,188,Centre ville,,18.2083121,-73.7568338,141
188,189,Pont salomon,,18.3192967,-73.806625,141
189,190,Bourjoly 2,,18.2444338,-73.7709488,142
190,191,"Cayes, derrière croix, en face NIRA Variété",,18.2091628,-73.7586167,143
191,192,"Charpentier, route FINCA",,18.2182121,-73.75395,143
192,193,Centre Ville,,18.539269,-72.336408,144
193,194,Rue gaussin,,18.200448,-73.7541716,144
194,195,Centre-Ville (charpentier),,18.2140329,-73.7550796,145
195,196,"Charpentier, route simon",,18.2190212,-73.752887,146
196,197,Pont salomon,,18.1919485,-73.7771386,147
197,198,Guilléme (kay mine Moise),,18.2050883,-73.8055817,148
198,199,"Codere , laborde (3ème section commune des cayes)",,18.2893288,-73.8182695,149
199,200,"Laborde, Tayivan",,18.2892525,-73.7905853,149
200,201,Langlwa,,18.273736,-73.7693892,150
201,202,Kafou laval,,18.2604821,-73.7785097,151
202,203,"Imp Cénèque, mercy",,18.2539596,-73.7766406,152
203,204,Rentrée Charrier,,18.2331781,-73.780573,153
204,205,"75, Rue Dessy, Cayes",,18.1994157,-73.7538188,154
205,206,"Boni, lapas",,18.2705986,-74.1442448,155
206,207,"Rue du Mars, Bénèche",,18.27733,-74.16436,156
207,208,Centre dumont,,18.05956,-73.8816417,157
208,209,"Cascade Touyak, Port-Salut",,18.09816,-73.92542,158
209,210,Centre-VIlle,,18.25235,-74.10185,159
210,211,Ville de Port-à-Piment,,18.25194,-74.09855,159
211,212,"3ème section, trichet, St Jean du Sud",,18.0536432,-73.7924223,160
212,213,"Rouk, antre gran bouchi",,18.1490486,-73.8298507,161
213,214,Lafresiliere,,18.23164,-73.8465183,162
214,215,Berault,,18.2014508,-73.8575481,163
215,216,"St-Felix, à cote de la riviere Lacul",,18.539269,-72.336408,164
216,217,Regnier,,18.2414694,-73.8703365,165
217,218,Lougou,,18.539269,-72.336408,166
218,219,Moreau,,18.2993802,-73.876933,166
219,220,Poste-Droit,,18.2872824,-73.8698196,167
220,221,La colline Moreau,,18.30643,-73.8847033,168
221,222,"Formond, bourry",,18.1789503,-73.8036771,169
222,223,Mayard,,18.2255317,-73.806282,170
223,224,"14, Ducis, solon (boval)",,18.2350936,-73.8810036,171
224,225,Bezen,,18.2576288,-73.8839212,171
225,226,Boulard,,18.2749236,-73.9182757,171
